name,Family,Genome_Mb,GC,Habitat
Species_00,Alpha,4.3,53,soil
Species_01,Alpha,4.0,54,soil
Species_02,Alpha,1.5,55,sea
Species_03,Alpha,3.8,67,gut
Species_04,Alpha,6.7,60,soil
Species_05,Alpha,5.7,68,soil
Species_06,Alpha,8.7,40,sea
Species_07,Alpha,3.4,54,soil
Species_08,Alpha,3.9,43,sea
Species_09,Alpha,7.8,41,sea
Species_10,Beta,1.8,63,gut
Species_11,Beta,6.5,35,gut
Species_12,Beta,2.8,62,soil
Species_13,Beta,3.6,57,gut
Species_14,Beta,6.6,34,sea
Species_15,Beta,8.6,57,soil
Species_16,Beta,4.5,64,soil
Species_17,Beta,1.6,60,soil
Species_18,Beta,8.1,48,soil
Species_19,Beta,7.3,31,soil
Species_20,Gamma,3.5,63,gut
Species_21,Gamma,2.5,41,gut
Species_22,Gamma,1.7,55,gut
Species_23,Gamma,2.0,42,sea
Species_24,Gamma,4.7,55,sea
Species_25,Gamma,4.4,46,sea
Species_26,Gamma,2.2,30,gut
Species_27,Gamma,8.9,47,gut
Species_28,Gamma,2.8,60,gut
Species_29,Gamma,7.0,69,gut
Species_30,Delta,3.7,39,soil
Species_31,Delta,7.9,69,soil
Species_32,Delta,7.5,32,gut
Species_33,Delta,5.1,38,sea
Species_34,Delta,5.6,31,gut
Species_35,Delta,2.0,50,soil
Species_36,Delta,6.3,51,sea
Species_37,Delta,1.4,67,soil
Species_38,Delta,3.7,40,gut
Species_39,Delta,4.8,61,sea
